epoch,loss,accuracy
1,0.1426992565393448,0.9563999772071838
2,0.05301119387149811,0.9832166433334351
